{
  "planar resolution": [0.671875, 0.671875],
  "voxel size": [0.671875, 0.671875, 1.0],
  "bounding box": [[-161.5, -151.4, -627.0], [181.82812, 191.92812, -18.0]]
}